Open,High,Low,Close,Adj Close,Volume,12d_EMA,26d_EMA,macd,macdsignal,trading_signal,returns,strategy_returns
2.200000047683716,2.200000047683716,2.0,2.009999990463257,2.009999990463257,29873800,2.009999990463257,2.009999990463257,0.0,0.0,,,
1.9900000095367432,2.0299999713897705,1.909999966621399,1.9800000190734863,1.9800000190734863,28148300,2.005384610249446,2.007777770360311,-0.0023931601108651,-0.00047863202217302003,-1.0,-0.014925358971198954,
2.0299999713897705,2.2300000190734863,1.9700000286102295,2.009999990463257,2.009999990463257,67363300,2.0060946687438785,2.0079423792568254,-0.001847710512946854,-0.0007524477203277868,-1.0,0.015151500555948827,-0.015151500555948827
2.0799999237060547,2.109999895095825,2.0199999809265137,2.049999952316284,2.049999952316284,26150500,2.012849327755018,2.0110577550390074,0.0017915727160104922,-0.00024364363306013105,1.0,0.019900478628265272,-0.019900478628265272
2.0899999141693115,2.2100000381469727,2.069999933242798,2.140000104904175,2.140000104904175,39553300,2.032410985777965,2.0206090402142047,0.011801945563760352,0.002165474206303966,1.0,0.04390251447869553,0.04390251447869553
2.1600000858306885,2.2699999809265137,2.1500000953674316,2.200000047683716,2.200000047683716,41695800,2.05819391837885,2.0338972629897243,0.024296655389125732,0.00659171044286832,1.0,0.028037355064628677,0.028037355064628677
2.240000009536743,2.390000104904175,2.240000009536743,2.2899999618530273,2.2899999618530273,41549200,2.0938563866056463,2.052867833275895,0.040988553329751376,0.013471079020244933,1.0,0.04090905100846176,0.04090905100846176
2.3299999237060547,2.380000114440918,2.130000114440918,2.180000066757202,2.180000066757202,45847700,2.1071092604751165,2.0622850357559916,0.04482422471912484,0.019741708160020917,1.0,-0.0480348894883017,-0.0480348894883017
2.2200000286102295,2.319999933242798,2.130000114440918,2.180000066757202,2.180000066757202,49638800,2.1183232306723605,2.0710046676820073,0.0473185629903532,0.025257079126087375,1.0,0.0,0.0
2.200000047683716,2.549999952316284,2.180000066757202,2.3299999237060547,2.3299999237060547,162356400,2.1508888757544673,2.090189501461566,0.060699374292901176,0.03234553815945014,1.0,0.0688072717226933,0.0688072717226933
2.799999952316284,3.200000047683716,2.569999933242798,3.059999942779541,3.059999942779541,256276000,2.2907521168352476,2.162027311929564,0.1287248049056835,0.05162139150869681,1.0,0.31330473947499615,0.31330473947499615
3.2899999618530273,3.3399999141693115,2.75,2.9700000286102295,2.9700000286102295,181862200,2.3952517955698602,2.2218771427947983,0.17337465277506192,0.07597204376196984,1.0,-0.02941173720662238,-0.02941173720662238
3.0,3.059999942779541,2.8499999046325684,2.9800000190734863,2.9800000190734863,64823800,2.4852130607242646,2.278034392889516,0.2071786678347487,0.1022133685765256,1.0,0.0033670001235441838,0.0033670001235441838
2.9100000858306885,3.740000009536743,2.809999942779541,3.509999990463257,3.509999990463257,268273400,2.6428725883764175,2.3692911038209044,0.2735814845555131,0.13648699177232312,1.0,0.17785233825419677,0.17785233825419677
4.710000038146973,4.880000114440918,3.8499999046325684,4.420000076293945,4.420000076293945,443238100,2.9162768172868065,2.5211954721522405,0.39508134513456605,0.18820586244477172,1.0,0.25925928441685975,0.25925928441685975
5.090000152587891,5.190000057220459,4.369999885559082,4.960000038146973,4.960000038146973,456850200,3.230695774342217,2.7018476622259247,0.5288481121162922,0.25633431237907583,1.0,0.12217193496200185,0.12217193496200185
20.34000015258789,20.360000610351562,11.010000228881836,19.899999618530273,19.899999618530273,1222342500,5.795204058063456,3.975784844174395,1.8194192138890615,0.568951292681073,1.0,3.012096666427607,3.012096666427607
11.979999542236328,16.5,6.510000228881836,8.630000114440918,8.630000114440918,591223900,6.231326528275374,4.320541530860804,1.91078499741457,0.8373180336277725,1.0,-0.5663316442275242,-0.5663316442275242
14.3100004196167,16.0,11.600000381469727,13.260000228881836,13.260000228881836,602193300,7.312660943753291,4.98272365664014,2.329937287113151,1.1358418843248481,1.0,0.5365005855206604,0.5365005855206604
17.0,17.25,12.90999984741211,13.300000190734863,13.300000190734863,434608000,8.233790058673533,5.598818214721231,2.634971843952302,1.435667876250339,1.0,0.0030165883229702484,0.0030165883229702484
9.479999542236328,10.100000381469727,6.0,7.820000171661377,7.820000171661377,462775900,8.170130076056278,5.763350211531612,2.4067798645246663,1.6298902739052046,1.0,-0.4120300707131569,-0.4120300707131569
8.850000381469727,9.770000457763672,7.889999866485596,8.970000267028809,8.970000267028809,221405100,8.293187028513591,6.000879845272145,2.292307183241446,1.762373655772453,1.0,0.14705883249656138,0.14705883249656138
8.699999809265137,8.739999771118164,7.0,7.090000152587891,7.090000152587891,162985800,8.108081355294253,6.08155542359183,2.026525931702423,1.8152041109584471,1.0,-0.2095875204542934,-0.2095875204542934
7.170000076293945,8.270000457763672,6.519999980926514,6.829999923706055,6.829999923706055,197097600,7.911453442742223,6.136995756933625,1.7744576858085983,1.8070548259284773,-1.0,-0.036671399617238976,-0.036671399617238976
6.880000114440918,6.889999866485596,5.75,6.179999828338623,6.179999828338623,128171500,7.645075963603207,6.140181243704366,1.5048947198988412,1.7466228047225503,-1.0,-0.09516838984307519,0.09516838984307519
5.809999942779541,5.809999942779541,5.260000228881836,5.5,5.5,102588100,7.315064276895022,6.092760410837376,1.2223038660576462,1.6417590169895697,-1.0,-0.11003233773898469,0.11003233773898469
5.710000038146973,6.590000152587891,5.449999809265137,5.800000190734863,5.800000190734863,152810800,7.081977494408844,6.07107446860756,1.0109030258012837,1.5155878187519127,-1.0,0.054545489224520516,-0.054545489224520516
5.619999885559082,5.849999904632568,5.46999979019165,5.610000133514404,5.610000133514404,55920400,6.855519438886622,6.036920814156215,0.8185986247304076,1.3761899799476118,-1.0,-0.03275862947797348,0.03275862947797348
5.71999979019165,5.96999979019165,5.519999980926514,5.590000152587891,5.590000152587891,46773000,6.660824164071433,6.003815579965969,0.6570085841054638,1.2323537007791823,-1.0,-0.0035650589038372926,0.0035650589038372926
6.03000020980835,6.050000190734863,5.489999771118164,5.650000095367432,5.650000095367432,61165700,6.505312768886201,5.977607025551262,0.5277057433349386,1.0914241092903336,-1.0,0.010733442064713383,-0.010733442064713383
5.579999923706055,5.619999885559082,5.320000171661377,5.550000190734863,5.550000190734863,38849000,6.358341603016765,5.945932445194492,0.41240915782227283,0.9556211189967215,-1.0,-0.017699097866309854,0.017699097866309854
5.840000152587891,6.25,5.460000038146973,5.510000228881836,5.510000228881836,130540800,6.2278275454575445,5.913641169912073,0.31418637554547146,0.8273341703064716,-1.0,-0.007207200086191579,0.007207200086191579
5.539999961853027,5.769999980926514,5.510000228881836,5.699999809265137,5.699999809265137,40249100,6.14662327835102,5.897815883938225,0.2488073944127951,0.7116288151277363,-1.0,0.034482681032820484,-0.034482681032820484
5.929999828338623,6.679999828338623,5.75,6.550000190734863,6.550000190734863,173409000,6.208681264871611,5.9461258325898285,0.2625554322817827,0.6218141385585456,-1.0,0.14912287893204534,-0.14912287893204534
6.96999979019165,7.860000133514404,6.010000228881836,7.699999809265137,7.699999809265137,264876400,6.438114887086,6.076042423454666,0.3620724636313337,0.5698658035731032,-1.0,0.17557245573167712,-0.17557245573167712
7.230000019073486,9.829999923706055,6.989999771118164,9.09000015258789,9.09000015258789,376881800,6.846097235624752,6.299298551538609,0.5467986840861432,0.5652523796757113,-1.0,0.1805195295784574,-0.1805195295784574
10.890000343322754,11.0,7.849999904632568,8.289999961853027,8.289999961853027,445717400,7.068236116582948,6.446757915265603,0.6214782013173457,0.5764975440040382,1.0,-0.0880088203856747,0.0880088203856747
8.1899995803833,9.010000228881836,7.630000114440918,8.010000228881836,8.010000228881836,137028000,7.213122903090469,6.562553642200139,0.6505692608903306,0.5913118873812967,1.0,-0.033775601237590824,-0.033775601237590824
8.859999656677246,9.449999809265137,8.420000076293945,9.180000305175781,9.180000305175781,143586500,7.51571942648821,6.756438580198334,0.7592808462898759,0.6249056791630125,1.0,0.14606742108136905,0.14606742108136905
9.140000343322754,9.399999618530273,8.510000228881836,8.930000305175781,8.930000305175781,78135400,7.733301100132452,6.917443152418886,0.8158579477135657,0.6630961328731232,1.0,-0.027233114563084193,-0.027233114563084193
8.949999809265137,9.140000343322754,8.5,8.579999923706055,8.579999923706055,55651900,7.863562457605314,7.040595505847565,0.8229669517577483,0.6950702966500482,1.0,-0.03919377038171745,-0.03919377038171745
8.25,8.59000015258789,7.5,8.029999732971191,8.029999732971191,77822600,7.889168192276987,7.113884707856723,0.7752834844202638,0.7111129342040913,1.0,-0.06410258690273918,-0.06410258690273918
8.079999923706055,8.270000457763672,7.630000114440918,8.050000190734863,8.050000190734863,59734100,7.913911576655122,7.1832265954773264,0.7306849811777951,0.7150273435988321,1.0,0.0024907171144166185,0.0024907171144166185
8.529999732971191,9.479999542236328,8.3100004196167,9.289999961853027,9.289999961853027,114343800,8.125617482070183,7.339283881875526,0.7863336001946566,0.729288594917997,1.0,0.15403723499849598,0.15403723499849598
9.380000114440918,10.770000457763672,9.220000267028809,10.5,10.5,150415600,8.490907100213231,7.5734110017365985,0.9174960984766329,0.7669300956297243,1.0,0.13024758268197245,0.13024758268197245
11.020000457763672,12.470000267028809,9.510000228881836,9.850000381469727,9.850000381469727,261918600,8.699998374252692,7.742047252087201,0.9579511221654906,0.8051343009368775,1.0,-0.0619047255743117,-0.0619047255743117
10.649999618530273,10.869999885559082,9.899999618530273,10.279999732971191,10.279999732971191,83933600,8.94307550636323,7.930043732152683,1.013031774210548,0.8467137955916118,1.0,0.04365475480695413,0.04365475480695413
10.15999984741211,11.399999618530273,9.9399995803833,11.15999984741211,11.15999984741211,111146700,9.28414078960152,8.169299740690418,1.1148410489111011,0.9003392462555097,1.0,0.08560312619644161,0.08560312619644161
12.180000305175781,14.489999771118164,11.850000381469727,14.039999961853027,14.039999961853027,277713300,10.015811431486366,8.6041664237395,1.4116450077468663,1.002600398553781,1.0,0.25806452991204654,0.25806452991204654
13.619999885559082,13.619999885559082,12.34000015258789,13.020000457763672,13.020000457763672,125967600,10.477994358605951,8.931265241074623,1.5467291175313278,1.1114261423492904,1.0,-0.07264953752569203,-0.07264953752569203
13.239999771118164,13.65999984741211,13.0,13.5600004196167,13.5600004196167,78053600,10.952149137222989,9.274134513559222,1.678014623663767,1.2247438386121858,1.0,0.041474649989818646,0.041474649989818646
14.34000015258789,14.539999961853027,13.569999694824219,14.0,14.0,121418000,11.421049269957916,9.624198623665945,1.7968506462919702,1.3391652001481429,1.0,0.03244834563181653,0.03244834563181653
14.140000343322754,14.180000305175781,13.279999732971191,13.930000305175781,13.930000305175781,153206000,11.80704173691451,9.94314689637038,1.8638948405441305,1.4441111282273404,1.0,-0.004999978201729927,-0.004999978201729927
13.149999618530273,13.1899995803833,11.760000228881836,12.489999771118164,12.489999771118164,88760100,11.912112203715072,10.131802664870214,1.7803095388448575,1.511350810350844,1.0,-0.10337404899571867,-0.10337404899571867
11.460000038146973,11.930000305175781,10.369999885559082,10.65999984741211,10.65999984741211,87923200,11.719479533514617,10.17092838209554,1.548551151419078,1.518790878564491,1.0,-0.1465172103475727,-0.1465172103475727
10.819999694824219,11.210000038146973,8.930000305175781,9.020000457763672,9.020000457763672,81850700,11.304175060322164,10.08567446177466,1.2185005985475037,1.4587328225610936,-1.0,-0.15384609879207212,-0.15384609879207212
8.960000038146973,11.319999694824219,8.949999809265137,10.9399995803833,10.9399995803833,131192800,11.248148063408493,10.148957803893818,1.0991902595146748,1.38682430995181,-1.0,0.21286020234811098,-0.21286020234811098
11.270000457763672,11.529999732971191,10.010000228881836,10.239999771118164,10.239999771118164,84633100,11.093048326133058,10.155701653317845,0.9373466728152131,1.2969287825244908,-1.0,-0.06398535979108433,0.06398535979108433
10.319999694824219,10.760000228881836,10.09000015258789,10.350000381469727,10.350000381469727,37330700,10.978733257723315,10.170094151699466,0.8086391060238487,1.1992708472243625,-1.0,0.010742247344752709,-0.010742247344752709
10.3100004196167,10.520000457763672,9.760000228881836,10.350000381469727,10.350000381469727,39020500,10.88200512291507,10.183420539089855,0.6985845838252143,1.0991335945445329,-1.0,0.0,-0.0
10.399999618530273,10.470000267028809,10.050000190734863,10.210000038146973,10.210000038146973,29832300,10.77861972525844,10.185389390871864,0.5932303343865772,0.9979529425129419,-1.0,-0.013526602721040004,0.013526602721040004
10.229999542236328,10.260000228881836,9.149999618530273,9.359999656677246,9.359999656677246,77473900,10.560370483938256,10.12424941056115,0.43612107337710526,0.8855865686857746,-1.0,-0.0832517510571914,0.0832517510571914
10.100000381469727,11.25,9.720000267028809,10.609999656677246,10.609999656677246,96082300,10.568005741282716,10.160230910273453,0.40777483100926304,0.7900242211504723,-1.0,0.1335470134454837,-0.1335470134454837
10.399999618530273,10.5,10.0,10.199999809265137,10.199999809265137,44067000,10.511389444049243,10.163176754643207,0.34821268940603645,0.7016619148015852,-1.0,-0.038642776689825964,0.038642776689825964
10.069999694824219,10.180000305175781,9.850000381469727,9.850000381469727,9.850000381469727,28804300,10.40963728057547,10.139978504778504,0.26965877579696595,0.6152612870006614,-1.0,-0.03431367003335528,0.03431367003335528
10.010000228881836,10.010000228881836,9.5,9.789999961853027,9.789999961853027,33408700,10.31430846231048,10.114054168265506,0.2002542940449743,0.532259888409524,-1.0,-0.006091412923148187,0.006091412923148187
9.600000381469727,9.739999771118164,9.239999771118164,9.420000076293945,9.420000076293945,29254600,10.176722556769475,10.06264275404539,0.1140798027240848,0.44862387127243614,-1.0,-0.03779365546484126,0.03779365546484126
9.4399995803833,9.489999771118164,8.510000228881836,8.619999885559082,8.619999885559082,51269800,9.937226761198644,9.9557803193427,-0.018553558144056126,0.3551883853891377,-1.0,-0.0849257095812681,0.0849257095812681
8.65999984741211,9.119999885559082,8.3100004196167,8.84000015258789,8.84000015258789,44049100,9.76842266756622,9.873129936620122,-0.10470726905390215,0.26320925450052973,-1.0,0.02552207307999743,-0.02552207307999743
9.0,9.8100004196167,8.899999618530273,9.350000381469727,9.350000381469727,51166300,9.70405000816676,9.834379599201574,-0.13032959103481367,0.18450148539346106,-1.0,0.05769233258808648,-0.05769233258808648
9.880000114440918,10.229999542236328,9.579999923706055,9.899999618530273,9.899999618530273,45198900,9.73419610206884,9.83924034137407,-0.1050442393052311,0.1265923404537226,-1.0,0.058823445414030395,-0.058823445414030395
10.0,10.029999732971191,9.09000015258789,9.329999923706055,9.329999923706055,40696700,9.67201207462841,9.801518828954217,-0.12950675432580638,0.07537252149781681,-1.0,-0.057575728968446094,0.057575728968446094
9.479999542236328,9.8100004196167,9.380000114440918,9.65999984741211,9.65999984741211,32814300,9.670164039672056,9.791035941432579,-0.12087190176052331,0.03612363684614879,-1.0,0.03536976703157069,-0.03536976703157069
9.699999809265137,9.710000038146973,9.010000228881836,9.279999732971191,9.279999732971191,27008900,9.610138761718076,9.753181407472475,-0.14304264575439873,0.00029038032603928565,-1.0,-0.03933748658833769,0.03933748658833769
9.25,9.8100004196167,9.140000343322754,9.779999732971191,9.779999732971191,23598200,9.63627121883394,9.75516795010201,-0.11889673126806954,-0.023547041992782482,-1.0,0.053879311895186355,-0.053879311895186355
9.949999809265137,10.649999618530273,9.789999961853027,9.989999771118164,9.989999771118164,49923500,9.690690996108437,9.77256289980691,-0.08187190369847386,-0.03521201433392076,-1.0,0.021472397124818077,-0.021472397124818077
10.09000015258789,10.380000114440918,9.960000038146973,10.15999984741211,10.15999984741211,27465600,9.762892357847464,9.801261932962852,-0.03836957511538763,-0.035843526490214134,-1.0,0.017017025043927214,-0.017017025043927214
10.6899995803833,11.960000038146973,10.569999694824219,11.5,11.5,78592900,10.030139687409394,9.92709438237301,0.10304530503638354,-0.008065760184894601,1.0,0.13188978077880642,-0.13188978077880642
11.680000305175781,12.220000267028809,11.220000267028809,11.460000038146973,11.460000038146973,51629800,10.250118202907483,10.040642949467378,0.20947525344010565,0.03544244254010545,1.0,-0.003478257552437136,-0.003478257552437136
10.850000381469727,11.390000343322754,10.649999618530273,10.850000381469727,10.850000381469727,39720500,10.342407768840136,10.100595351837923,0.24181241700221356,0.07671643743252708,1.0,-0.05322859115591072,-0.05322859115591072
10.949999809265137,11.039999961853027,10.09000015258789,10.199999809265137,10.199999809265137,37782900,10.320498851982444,10.107958644980679,0.21254020700176568,0.1038811913463748,1.0,-0.05990788473286135,-0.05990788473286135
10.069999694824219,10.180000305175781,9.880000114440918,10.029999732971191,10.029999732971191,27741000,10.275806679826866,10.102183910757754,0.17362276906911234,0.11782950689092231,1.0,-0.016666674458123643,-0.016666674458123643
10.109999656677246,10.119999885559082,9.609999656677246,9.710000038146973,9.710000038146973,31251200,10.188759504183805,10.073133253527326,0.11562625065647936,0.11738885564403373,-1.0,-0.03190425756167248,-0.03190425756167248
9.630000114440918,9.75,9.050000190734863,9.390000343322754,9.390000343322754,35222400,10.06587347943595,10.022530815734394,0.043342663701556816,0.10257961725553835,-1.0,-0.03295568419846129,0.03295568419846129
9.40999984741211,9.569999694824219,9.079999923706055,9.170000076293945,9.170000076293945,27608700,9.928046802029488,9.959380390590656,-0.03133358856116786,0.07579697609219711,-1.0,-0.023429207559640952,0.023429207559640952
9.329999923706055,9.399999618530273,8.930000305175781,9.0,9.0,39586300,9.785270370948028,9.88831517647283,-0.10304480552480122,0.04002861976879745,-1.0,-0.018538721360910948,0.018538721360910948
9.319999694824219,9.789999961853027,9.140000343322754,9.510000228881836,9.510000228881836,38245000,9.74292111832246,9.860291847021646,-0.11737072869918563,0.008548750075200836,-1.0,0.0566666920979817,-0.0566666920979817
9.899999618530273,10.149999618530273,9.5600004196167,9.739999771118164,9.739999771118164,41015300,9.74247168029103,9.851381322880647,-0.10890964258961588,-0.01494292845776251,-1.0,0.024185019632052107,-0.024185019632052107
9.930000305175781,10.479999542236328,9.600000381469727,10.050000190734863,10.050000190734863,49601000,9.789783758820851,9.86609383161059,-0.07631007278973811,-0.02721635732415763,-1.0,0.031827559230128255,-0.031827559230128255
10.029999732971191,10.630000114440918,10.020000457763672,10.319999694824219,10.319999694824219,54423500,9.871355441282908,9.899716488144932,-0.028361046862023898,-0.027445295231730886,-1.0,0.026865621787576677,-0.026865621787576677
10.880000114440918,14.199999809265137,10.640000343322754,12.770000457763672,12.770000457763672,296525000,10.317300828433796,10.112330115524099,0.20497071290969693,0.019037906396554678,1.0,0.23740318172375519,-0.23740318172375519
13.3100004196167,14.34000015258789,12.569999694824219,12.979999542236328,12.979999542236328,207589900,10.726946784403415,10.32475007305834,0.4021967113450753,0.0956696673862588,1.0,0.016444720199284335,0.016444720199284335
13.670000076293945,14.380000114440918,13.390000343322754,13.949999809265137,13.949999809265137,158933100,11.222801095920602,10.59328709055514,0.6295140053654613,0.2024385349820993,1.0,0.07473037759920342,0.07473037759920342
14.25,14.670000076293945,13.569999694824219,14.029999732971191,14.029999732971191,172488400,11.654677809313,10.847858397400774,0.8068194119122261,0.32331471036812465,1.0,0.0057347616343994545,0.0057347616343994545
12.949999809265137,13.3100004196167,12.140000343322754,12.640000343322754,12.640000343322754,89024100,11.806265891468346,10.980609652654255,0.8256562388140907,0.42378301605731783,1.0,-0.09907337249493098,-0.09907337249493098
12.59000015258789,12.989999771118164,12.029999732971191,12.550000190734863,12.550000190734863,61419700,11.920686552893963,11.09686080362319,0.8238257492707728,0.5037915627000089,1.0,-0.007120265042985907,-0.007120265042985907
12.609999656677246,12.84000015258789,12.050000190734863,12.079999923706055,12.079999923706055,53937700,11.94519630224967,11.169685923629329,0.775510378620341,0.5581353258840753,1.0,-0.03745021991121478,-0.03745021991121478
12.380000114440918,13.960000038146973,12.170000076293945,13.680000305175781,13.680000305175781,113319200,12.212089225776765,11.355635137077215,0.8564540886995502,0.6177990784471703,1.0,0.1324503635409675,0.1324503635409675
13.609999656677246,16.670000076293945,13.550000190734863,16.40999984741211,16.40999984741211,213644100,12.857921629105281,11.730032523027948,1.1278891060773333,0.719817083973203,1.0,0.1995613655946662,0.1995613655946662
17.760000228881836,19.950000762939453,17.260000228881836,19.559999465942383,19.559999465942383,379064100,13.88901052708022,12.310030074354943,1.5789804527252773,0.891649757723618,1.0,0.19195610285316578,0.19195610285316578
18.610000610351562,29.760000228881836,18.309999465942383,26.520000457763672,26.520000457763672,705545700,15.832239747185367,13.362620473125961,2.469619274059406,1.2072436609907757,1.0,0.3558282812808842,0.3558282812808842
31.809999465942383,36.720001220703125,24.170000076293945,26.1200008392334,26.1200008392334,660623600,17.414972222885062,14.307611611356142,3.10736061152892,1.5872670510984046,1.0,-0.01508294161485113,-0.01508294161485113
31.889999389648438,33.529998779296875,28.530000686645508,32.040000915527344,32.040000915527344,508694600,19.66497663713772,15.621121930183639,4.043854706954081,2.07858458226954,1.0,0.22664624372453468,0.22664624372453468
37.52000045776367,72.62000274658203,35.59000015258789,62.54999923706055,62.54999923706055,766462500,26.262672421741236,19.09733506402637,7.165337357714865,3.0959351373586053,1.0,0.9522471114146358,0.9522471114146358
58.099998474121094,68.80000305175781,37.65999984741211,51.34000015258789,51.34000015258789,598142200,30.12072284187149,21.48568062614204,8.635042215729449,4.203756553032774,1.0,-0.17921661424786706,-0.17921661424786706
48.790000915527344,57.47999954223633,46.040000915527344,47.90999984741211,47.90999984741211,337710100,32.85753468887774,23.443037605495377,9.414497083382365,5.245904659102692,1.0,-0.06680951100470311,-0.06680951100470311
52.380001068115234,59.68000030517578,51.5,55.0,55.0,349094900,36.26406781366578,25.78059037545868,10.483477438207103,6.293419214923574,1.0,0.14798581037713898,0.14798581037713898
57.15999984741211,60.619998931884766,52.77000045776367,55.04999923706055,55.04999923706055,214490300,39.15421110957267,27.948694735577334,11.205516373995337,7.2758386467379275,1.0,0.0009090770374644563,0.0009090770374644563
52.20000076293945,53.38999938964844,48.119998931884766,49.34000015258789,49.34000015258789,150361300,40.72125557772886,29.533235877578118,11.188019700150743,8.058274857420491,1.0,-0.1037238721817928,-0.1037238721817928
47.93000030517578,51.5,39.709999084472656,42.810001373291016,42.810001373291016,224860600,41.04260108473843,30.516699988371666,10.525901096366763,8.551800105209745,1.0,-0.13234695498788673,-0.13234695498788673
44.68000030517578,49.599998474121094,42.0099983215332,49.400001525878906,49.400001525878906,218006600,42.32835499876004,31.915463065224056,10.412891933535985,8.924018470874994,1.0,0.15393599488878706,0.15393599488878706
51.83000183105469,60.54999923706055,51.52000045776367,57.0,57.0,301467300,44.58553115279696,33.7735769122445,10.81195424055246,9.301605624810488,1.0,0.15384611820588145,0.15384611820588145
58.38999938964844,64.70999908447266,56.72999954223633,59.040000915527344,59.040000915527344,285582100,46.80929573167856,35.645163875450635,11.164131856227925,9.674110871093976,1.0,0.03578948974609375,0.03578948974609375
56.13999938964844,57.34000015258789,51.86000061035156,55.18000030517578,55.18000030517578,166450700,48.09709643529352,37.092188796171015,11.004907639122507,9.940270224699683,1.0,-0.06537941311813888,-0.06537941311813888
54.0,63.83000183105469,52.97999954223633,60.72999954223633,60.72999954223633,303576000,50.0406199902078,38.843137740323996,11.197482249883805,10.191712629736507,1.0,0.10057990587832544,0.10057990587832544
61.2599983215332,64.95999908447266,56.849998474121094,59.2599983215332,59.2599983215332,243645900,51.45898588733479,40.355497783376535,11.103488103958256,10.374067724580858,1.0,-0.024205520035954775,-0.024205520035954775
61.34000015258789,63.0099983215332,53.43000030517578,55.689998626708984,55.689998626708984,185876100,52.109910924161596,41.4913867347345,10.618524189427099,10.422959017550106,1.0,-0.06024299351906992,-0.06024299351906992
54.099998474121094,58.7400016784668,51.04999923706055,58.27000045776367,58.27000045776367,169494100,53.057617006254226,42.73424701051444,10.323369995739789,10.403041213188043,-1.0,0.04632792053647705,0.04632792053647705
57.040000915527344,61.099998474121094,56.79999923706055,58.29999923706055,58.29999923706055,116291800,53.8641373494552,43.8872656939623,9.9768716554929,10.317807301649015,-1.0,0.0005148237353904683,-0.0005148237353904683
57.97999954223633,58.7599983215332,55.65999984741211,56.70000076293945,56.70000076293945,80351200,54.300424028452774,44.8363571805532,9.464066847899574,10.147059210899128,-1.0,-0.027444228045615415,0.027444228045615415
55.75,56.290000915527344,52.970001220703125,54.060001373291016,54.060001373291016,77596900,54.263435927658655,45.51959008371897,8.743845843939688,9.86641653750724,-1.0,-0.04656083516975906,0.04656083516975906
55.099998474121094,59.36000061035156,54.33000183105469,58.11000061035156,58.11000061035156,99310200,54.85521510961141,46.45221308569175,8.403002023919655,9.573733634789722,-1.0,0.07491674314054864,-0.07491674314054864
59.060001373291016,61.0,56.18000030517578,56.43000030517578,56.43000030517578,63604100,55.09748975508285,47.19130843528316,7.9061813197996855,9.240223171791715,-1.0,-0.028910691576838676,0.028910691576838676
56.0,58.18000030517578,54.650001525878906,56.68000030517578,56.68000030517578,59020600,55.34095291663561,47.894174499719654,7.446778416915954,8.881534220816564,-1.0,0.004430267564203172,-0.004430267564203172
56.86000061035156,57.709999084472656,52.529998779296875,54.220001220703125,54.220001220703125,57549900,55.16849880956907,48.36275425682954,6.805744552739533,8.466376287201157,-1.0,-0.04340153618961817,0.04340153618961817
52.77000045776367,53.25,47.77000045776367,51.959999084472656,51.959999084472656,90271500,54.67488346724655,48.62921683665496,6.04566663059159,7.982234355879244,-1.0,-0.041682074609904696,0.041682074609904696
53.459999084472656,55.06999969482422,49.70000076293945,49.959999084472656,49.959999084472656,62370300,53.949516639127495,48.72779329945627,5.221723339671222,7.430132152637641,-1.0,-0.038491147714389884,0.038491147714389884
47.70000076293945,48.9900016784668,42.79999923706055,45.06999969482422,45.06999969482422,95320200,52.58343710923468,48.45684562503909,4.126591484195593,6.769424018949231,-1.0,-0.09787829221894895,0.09787829221894895
40.95000076293945,49.790000915527344,38.7599983215332,47.939998626708984,47.939998626708984,145078200,51.869061958076884,48.418560662199816,3.4505012958770678,6.105639474334799,-1.0,0.06367869872016785,-0.06367869872016785
48.369998931884766,48.91999816894531,45.81999969482422,46.189998626708984,46.189998626708984,57858600,50.9953599070972,48.2534819929042,2.7418779141930045,5.43288716230644,-1.0,-0.03650396433313652,0.03650396433313652
44.290000915527344,46.54999923706055,42.06999969482422,42.61000061035156,42.61000061035156,62986400,49.705304630674796,47.83544633493734,1.8698582957374583,4.720281388992643,-1.0,-0.0775059130286988,0.0775059130286988
40.56999969482422,42.13999938964844,38.70000076293945,39.349998474121094,39.349998474121094,86807300,48.11218060658961,47.20689464154354,0.905285965046069,3.957282304203329,-1.0,-0.07650791104280086,0.07650791104280086
38.79999923706055,39.130001068115234,33.2400016784668,33.43000030517578,33.43000030517578,137830700,45.853383637141334,46.18638394996074,-0.3330003128194079,3.0992257807987817,-1.0,-0.1504446861119615,0.1504446861119615
32.20000076293945,37.400001525878906,32.13999938964844,36.0,36.0,199584500,44.337478462196515,45.43183699070439,-1.0943585285078754,2.2605089189374508,-1.0,0.07687704670545048,-0.07687704670545048
37.83000183105469,38.54999923706055,34.29999923706055,34.959999084472656,34.959999084472656,126825700,42.89478932716207,44.65614529394649,-1.7613559667844143,1.4561359417930777,-1.0,-0.028888914320204018,0.028888914320204018
32.95000076293945,35.34000015258789,31.149999618530273,34.619998931884766,34.619998931884766,112891300,41.62174465096556,43.91272704490488,-2.2909823939393164,0.7067122746465989,-1.0,-0.009725405076995597,0.009725405076995597
35.13999938964844,44.38999938964844,35.130001068115234,43.09000015258789,43.09000015258789,168673400,41.847630112753606,43.85178431214066,-2.0041541993870524,0.16453897983986865,-1.0,0.24465631086147477,-0.24465631086147477
41.79999923706055,46.54999923706055,40.11000061035156,40.779998779296875,40.779998779296875,158023700,41.68337913837564,43.62424464304112,-1.9408655046654815,-0.2565419170612014,-1.0,-0.05360875760294659,0.05360875760294659
40.15999984741211,41.7400016784668,37.150001525878906,37.2400016784668,37.2400016784668,93985900,40.99978260608197,43.151337756776364,-2.151555150694392,-0.6355445637878396,-1.0,-0.08680718996556858,0.08680718996556858
37.779998779296875,38.400001525878906,34.689998626708984,36.9900016784668,36.9900016784668,85474800,40.38289323260271,42.6949424917164,-2.312049259113685,-0.9708455028530089,-1.0,-0.0067132112978544045,0.0067132112978544045
38.31999969482422,40.849998474121094,37.56999969482422,40.290000915527344,40.290000915527344,97977600,40.368602106898805,42.516798671257945,-2.1481965643591394,-1.206315715154235,-1.0,0.08921327621841102,-0.08921327621841102
39.9900016784668,40.29999923706055,37.060001373291016,38.0099983215332,38.0099983215332,55288900,40.00573998607332,42.182961608315374,-2.177221622242051,-1.4004968965717983,-1.0,-0.056589787594555574,0.056589787594555574
37.40999984741211,39.560001373291016,36.08000183105469,38.900001525878906,38.900001525878906,71021400,39.83562637681264,41.93977937998675,-2.104153003174112,-1.541228117892261,-1.0,0.02341497615487942,-0.02341497615487942
38.0,40.25,37.470001220703125,38.130001068115234,38.130001068115234,59446200,39.57322248316689,41.65757357910738,-2.084351095940491,-1.6498527135019072,-1.0,-0.019794355464264335,0.019794355464264335
37.540000915527344,39.189998626708984,36.790000915527344,37.02000045776367,37.02000045776367,52860100,39.18041909464332,41.314049644193034,-2.1336305495497143,-1.7466082807114687,-1.0,-0.02911095146230558,0.02911095146230558
37.58000183105469,38.47999954223633,35.0099983215332,35.20000076293945,35.20000076293945,59061700,38.568047043611955,40.861157134470545,-2.2931100908585904,-1.8559086427408933,-1.0,-0.04916260595136046,0.04916260595136046
35.15999984741211,35.209999084472656,32.779998779296875,33.59000015258789,33.59000015258789,61740100,37.8021936757621,40.32255291359035,-2.520359237828252,-1.9887987617583651,-1.0,-0.04573865271181077,0.04573865271181077
34.43000030517578,35.2400016784668,29.809999465942383,29.84000015258789,29.84000015258789,85496600,36.57724082604299,39.546067523886464,-2.9688266978434754,-2.1848043489753874,-1.0,-0.11164036865034332,0.11164036865034332
31.079999923706055,34.119998931884766,28.90999984741211,33.5099983215332,33.5099983215332,108565100,36.10535736381071,39.09895128667511,-2.993593922864399,-2.34656226375319,-1.0,0.12298921414807795,-0.12298921414807795
33.41999816894531,33.58000183105469,31.56999969482422,32.70000076293945,32.70000076293945,52649800,35.58145634829205,38.62495495158358,-3.043498603291532,-2.4859495316608586,-1.0,-0.02417181734304219,0.02417181734304219
32.68000030517578,35.380001068115234,32.349998474121094,33.79999923706055,33.79999923706055,81054600,35.307386023487204,38.267550824581875,-2.9601648010946704,-2.5807925855476213,-1.0,0.03363909628307349,-0.03363909628307349
36.900001525878906,37.15999984741211,31.440000534057617,31.75,31.75,116181500,34.76009586602763,37.78476928202026,-3.0246734159926234,-2.669568751636622,-1.0,-0.06065086637081318,0.06065086637081318
31.579999923706055,31.90999984741211,29.399999618530273,31.549999237060547,31.549999237060547,69684300,34.26623484618654,37.32293446387509,-3.056699617688551,-2.7469949248470082,-1.0,-0.0062992366280142376,0.0062992366280142376
30.90999984741211,34.099998474121094,30.75,33.06999969482422,33.06999969482422,71050000,34.08219866905388,37.00790225876021,-2.9257035897063304,-2.7827366578188726,-1.0,0.048177511712208965,-0.048177511712208965
32.20000076293945,34.47999954223633,31.8799991607666,33.470001220703125,33.470001220703125,57895500,33.988014446230686,36.745835515200426,-2.75782106896974,-2.777753540049046,1.0,0.012095601136080658,-0.012095601136080658
33.849998474121094,36.18000030517578,32.709999084472656,35.689998626708984,35.689998626708984,86506600,34.24985816630427,36.66762537531217,-2.4177672090078985,-2.7057562738408167,1.0,0.06632797505345356,0.06632797505345356
34.9900016784668,38.779998779296875,34.59000015258789,37.15999984741211,37.15999984741211,86868900,34.697572271090095,36.70409755843068,-2.0065252873405868,-2.5659100765407707,1.0,0.04118804363312689,0.04118804363312689
37.31999969482422,38.70000076293945,36.4900016784668,36.54999923706055,36.54999923706055,57948000,34.98256103508555,36.69268286795882,-1.71012183287327,-2.394752427807271,1.0,-0.01641551703058053,-0.01641551703058053
36.59000015258789,36.779998779296875,33.33000183105469,33.81999969482422,33.81999969482422,47920600,34.80370544427612,36.4798915218007,-1.6761860775245836,-2.2510391577507334,1.0,-0.07469219149718054,-0.07469219149718054
33.900001525878906,34.599998474121094,32.20000076293945,34.40999984741211,34.40999984741211,55312300,34.743135352450885,36.326566212586734,-1.5834308601358487,-2.1175174982277567,1.0,0.01744530330904115,0.01744530330904115
35.029998779296875,37.93000030517578,34.400001525878906,36.779998779296875,36.779998779296875,75319300,35.05649895658104,36.36015381012082,-1.3036548535397827,-1.954744969290162,1.0,0.06887529620442612,0.06887529620442612
37.189998626708984,48.20000076293945,36.349998474121094,44.2599983215332,44.2599983215332,228489600,36.47242193580445,36.945327477632844,-0.4729055418283963,-1.658377083797809,1.0,0.20337139180240404,0.20337139180240404
44.900001525878906,48.29999923706055,43.16999816894531,43.959999084472656,43.959999084472656,209271500,37.6243568817534,37.4649327818432,0.15942409991019701,-1.2948168470562078,1.0,-0.00677811225570224,-0.00677811225570224
42.790000915527344,44.779998779296875,40.06999969482422,40.310001373291016,40.310001373291016,109710200,38.03753295737457,37.67567860343193,0.36185435394263976,-0.9634826068564384,1.0,-0.0830299769608247,-0.0830299769608247
40.0099983215332,41.58000183105469,39.38999938964844,40.84000015258789,40.84000015258789,72317700,38.46868175663816,37.9100727922583,0.5586089643798644,-0.6590642926091779,1.0,0.01314807147707131,0.01314807147707131
41.779998779296875,45.709999084472656,41.279998779296875,43.33000183105469,43.33000183105469,108370900,39.21657715270224,38.311549017354324,0.9050281353479193,-0.3462458070177584,1.0,0.06096967848098833,0.06096967848098833
44.15999984741211,47.15999984741211,44.04999923706055,47.130001068115234,47.130001068115234,127659600,40.4340269858427,38.96476768778106,1.4692592980616368,0.01685521399812062,1.0,0.08769903245970045,0.08769903245970045
47.15999984741211,47.849998474121094,43.04999923706055,43.689998626708984,43.689998626708984,82772400,40.93494569982213,39.314784794368315,1.6201609054538153,0.3375163522892596,1.0,-0.07298965337247798,-0.07298965337247798
43.869998931884766,44.900001525878906,42.369998931884766,44.380001068115234,44.380001068115234,67848800,41.46495421802107,39.689985999831045,1.7749682181900255,0.6250067254694127,1.0,0.015793144039707885,0.015793144039707885
43.540000915527344,44.79999923706055,42.470001220703125,44.02000045776367,44.02000045776367,52109500,41.85803825490455,40.010727811529755,1.8473104433747949,0.8694674690504892,1.0,-0.008111775612601457,-0.008111775612601457
45.0,47.93000030517578,44.880001068115234,47.83000183105469,47.83000183105469,102133700,42.77680188200457,40.58993329445753,2.186868587547039,1.1329476927497992,1.0,0.08655159776626165,0.08655159776626165
47.029998779296875,49.400001525878906,45.72999954223633,47.400001525878906,47.400001525878906,97372900,43.48806336567755,41.09438279308134,2.3936805725962103,1.3850942687190815,1.0,-0.008990179567515577,-0.008990179567515577
46.22999954223633,49.0,45.36000061035156,48.52000045776367,48.52000045776367,85960900,44.2622075336908,41.64442854602077,2.617778987670029,1.6316312125092711,1.0,0.02362866868840241,0.02362866868840241
49.150001525878906,51.70000076293945,48.95000076293945,50.15999984741211,50.15999984741211,89984600,45.16956019734023,42.27521160538309,2.89434859195714,1.8841746883988453,1.0,0.03380048174311212,0.03380048174311212
51.81999969482422,52.790000915527344,50.349998474121094,51.689998626708984,51.689998626708984,75111000,46.17270457108927,42.97260323659242,3.20010133449685,2.147360017618446,1.0,0.030502368101099853,0.030502368101099853
50.900001525878906,51.54999923706055,46.959999084472656,47.29999923706055,47.29999923706055,65850300,46.346134519700236,43.29315108847894,3.0529834312212927,2.3284847003390157,1.0,-0.08492937717703986,-0.08492937717703986
46.43000030517578,47.7400016784668,43.77000045776367,46.84000015258789,46.84000015258789,76214200,46.4221138478368,43.555880648783315,2.8662331990534824,2.436034400081909,1.0,-0.009725139363474633,-0.009725139363474633
46.47999954223633,48.689998626708984,45.95000076293945,46.040000915527344,46.040000915527344,57581900,46.36332724286611,43.73988955743102,2.6234376854350927,2.4735150571525457,1.0,-0.017079402955901712,-0.017079402955901712
46.099998474121094,46.380001068115234,44.20000076293945,44.20000076293945,44.20000076293945,68549000,46.03050778441586,43.77397186895016,2.2565359154656974,2.430119228815176,-1.0,-0.039965250130291285,-0.039965250130291285
41.95000076293945,43.33000183105469,38.529998779296875,40.290000915527344,40.290000915527344,70807600,45.14735288150993,43.5158999464744,1.631452935035533,2.2703859700592477,-1.0,-0.08846153348238273,0.08846153348238273
40.970001220703125,41.4900016784668,37.650001525878906,38.81999969482422,38.81999969482422,64696300,44.17391392971213,43.168055483389196,1.0058584463229323,2.0174804653119844,-1.0,-0.03648550973689857,0.03648550973689857
38.5,40.56999969482422,37.7400016784668,40.08000183105469,40.08000183105469,52441300,43.54408129914945,42.939310768401455,0.6047705307479916,1.734938478399186,-1.0,0.03245755142029183,-0.03245755142029183
41.060001373291016,41.849998474121094,39.849998474121094,39.97999954223633,39.97999954223633,41271100,42.99576102885512,42.72010252942626,0.27565849942885734,1.4430824826051203,-1.0,-0.002495066972299287,0.002495066972299287
39.810001373291016,40.52000045776367,39.25,40.0099983215332,40.0099983215332,32555900,42.53641292003637,42.519354069582334,0.01705885045403477,1.1578777561749032,-1.0,0.000750344663340563,-0.000750344663340563
40.119998931884766,40.630001068115234,39.209999084472656,39.29999923706055,39.29999923706055,31225500,42.03850312265548,42.28088334124739,-0.2423802185919115,0.8778261612215402,-1.0,-0.017745541471081205,0.017745541471081205
38.900001525878906,39.130001068115234,36.880001068115234,36.9900016784668,36.9900016784668,39523300,41.26181059278029,41.888966181041425,-0.6271555882611324,0.5768298113250058,-1.0,-0.05877856497298306,0.05877856497298306
37.25,38.2599983215332,35.369998931884766,35.540000915527344,35.540000915527344,43007800,40.38153218089523,41.41867245767001,-1.0371402767747853,0.2540357937050476,-1.0,-0.03919980257215161,0.03919980257215161
35.189998626708984,41.779998779296875,33.7400016784668,38.060001373291016,38.060001373291016,102819800,40.024373595109964,41.16988200697527,-1.1455084118653076,-0.025873047409023436,-1.0,0.07090603243802085,-0.07090603243802085
39.40999984741211,40.130001068115234,37.75,38.459999084472656,38.459999084472656,65919000,39.783700593473455,40.96914993864175,-1.1854493451682941,-0.25778830696087757,-1.0,0.01050966097605932,-0.01050966097605932
38.900001525878906,39.029998779296875,36.33000183105469,36.77000045776367,36.77000045776367,39943200,39.320054418748875,40.65810182894708,-1.3380474101982074,-0.47384012760834354,-1.0,-0.04394172300933008,0.04394172300933008
36.86000061035156,38.099998474121094,36.189998626708984,37.060001373291016,37.060001373291016,37702800,38.9723539502169,40.391575869268856,-1.4192219190519566,-0.6629164858970662,-1.0,0.007886889092113547,-0.007886889092113547
36.36000061035156,37.650001525878906,35.63999938964844,36.83000183105469,36.83000183105469,35450500,38.64276131649964,40.12775557014188,-1.4849942536422418,-0.8273320394461015,-1.0,-0.00620613960370997,0.00620613960370997
36.779998779296875,38.54999923706055,36.599998474121094,38.13999938964844,38.13999938964844,37704300,38.5654133277533,39.980514371586814,-1.4151010438335163,-0.9448858403235845,-1.0,0.03556876170147705,-0.03556876170147705
37.91999816894531,38.779998779296875,37.060001373291016,37.189998626708984,37.189998626708984,29498900,38.35381106605418,39.77380950159586,-1.419998435541686,-1.0399083593672047,-1.0,-0.02490825322869017,0.02490825322869017
36.849998474121094,38.65999984741211,36.29999923706055,37.25,37.25,37351400,38.18399397896892,39.5868606496258,-1.402866670656877,-1.1125000216251393,-1.0,0.0016133739044541517,-0.0016133739044541517
37.25,37.56999969482422,36.220001220703125,36.81999969482422,36.81999969482422,25223400,37.974148704485124,39.38190798630716,-1.4077592818220381,-1.1715518736645192,-1.0,-0.011543632353712252,0.011543632353712252
36.720001220703125,38.150001525878906,36.119998931884766,37.90999984741211,37.90999984741211,33484500,37.96427964955082,39.272877753796415,-1.308598104245597,-1.1989611197807348,-1.0,0.02960348076105812,-0.02960348076105812
37.79999923706055,41.099998474121094,37.75,40.06999969482422,40.06999969482422,67688200,38.28823657959288,39.33192382350218,-1.0436872439092966,-1.1679063446064473,1.0,0.05697704711437934,-0.05697704711437934
40.20000076293945,41.790000915527344,39.779998779296875,40.7400016784668,40.7400016784668,46378400,38.66543121018887,39.43622588683289,-0.7707946766440159,-1.088484011013961,1.0,0.01672078833904056,0.01672078833904056
40.79999923706055,43.630001068115234,40.4900016784668,43.029998779296875,43.029998779296875,50096300,39.33690314389779,39.70243128627466,-0.36552814237686704,-0.9438928372865423,1.0,0.05621003943258196,0.05621003943258196
42.959999084472656,44.439998626708984,40.7400016784668,40.79999923706055,40.79999923706055,52769200,39.56199485053821,39.7837326159625,-0.2217377654242867,-0.7994618229140913,1.0,-0.05182429945383249,-0.05182429945383249
40.650001525878906,41.75,40.29999923706055,40.880001068115234,40.880001068115234,31220000,39.76476503785776,39.864937686492325,-0.10017264863456887,-0.6596039880581869,1.0,0.0019608292291832807,0.0019608292291832807
40.88999938964844,41.939998626708984,38.79999923706055,39.2400016784668,39.2400016784668,33977600,39.68403221333607,39.81864613034229,-0.13461391700622016,-0.5546059738477935,1.0,-0.04011740085123361,-0.04011740085123361
37.310001373291016,37.66999816894531,35.959999084472656,36.599998474121094,36.599998474121094,46324200,39.20956548422607,39.58022778543701,-0.3706623012109418,-0.5178172393204232,1.0,-0.06727836624416916,-0.06727836624416916
36.22999954223633,37.849998474121094,35.779998779296875,36.83000183105469,36.83000183105469,30905400,38.84347876835355,39.37650734437165,-0.5330285760181042,-0.5208595066599595,-1.0,0.006284244986956011,0.006284244986956011
36.529998779296875,37.400001525878906,35.779998779296875,36.04999923706055,36.04999923706055,27674800,38.413712686616165,39.13009933642268,-0.7163866498065161,-0.5599649352892708,-1.0,-0.021178456562998327,0.021178456562998327
36.33000183105469,36.790000915527344,34.58000183105469,34.7599983215332,34.7599983215332,25904100,37.85160278429571,38.80638815013457,-0.9547853658388661,-0.6389290213991898,-1.0,-0.03578365999523192,0.03578365999523192
35.09000015258789,36.06999969482422,34.86000061035156,35.22999954223633,35.22999954223633,23812200,37.448279208594265,38.54147047547544,-1.0931912668811776,-0.7297814704955874,-1.0,0.013521324608694485,-0.013521324608694485
35.34000015258789,36.630001068115234,34.529998779296875,35.369998931884766,35.369998931884766,32841500,37.12854378140819,38.30654665743169,-1.1780028760234984,-0.8194257516011696,-1.0,0.003973868619572274,-0.003973868619572274
35.650001525878906,37.189998626708984,35.38999938964844,37.06999969482422,37.06999969482422,34054600,37.11953699885681,38.21495058612743,-1.0954135872706203,-0.8746233187350598,-1.0,0.04806335352775393,-0.04806335352775393
37.619998931884766,38.79999923706055,36.630001068115234,38.790000915527344,38.790000915527344,44361700,37.37653144757535,38.25754690682372,-0.881015459248367,-0.8759017468377214,-1.0,0.04639873846406517,-0.04639873846406517
40.9900016784668,44.209999084472656,38.880001068115234,40.790000915527344,40.790000915527344,82198000,37.90168059649104,38.44513609265362,-0.5434554961625793,-0.809412496702693,1.0,0.051559679113062806,-0.051559679113062806
40.38999938964844,41.29999923706055,39.11000061035156,40.04999923706055,40.04999923706055,28553700,38.23219115657866,38.564014844091176,-0.331823687512518,-0.713894734864658,1.0,-0.0181417421391894,-0.0181417421391894
41.15999984741211,41.970001220703125,39.93000030517578,41.70000076293945,41.70000076293945,39940600,38.765700326788014,38.796310097339195,-0.030609770551180304,-0.5772377420019625,1.0,0.041198540756826496,0.041198540756826496
42.47999954223633,45.95000076293945,41.77000045776367,45.060001373291016,45.060001373291016,70347800,39.734054333942325,39.26028722889118,0.47376710505114517,-0.367036772591341,1.0,0.08057555273087047,0.08057555273087047
42.43000030517578,42.599998474121094,39.25,39.93000030517578,39.93000030517578,37893500,39.76419986797824,39.30989560491226,0.4543042630659784,-0.20276856545987712,1.0,-0.11384822263134697,-0.11384822263134697
38.790000915527344,40.869998931884766,38.04999923706055,38.290000915527344,38.290000915527344,32463600,39.53740002913964,39.23434785014301,0.30305217899663006,-0.10160441656857569,1.0,-0.0410718601831781,-0.0410718601831781
38.0,40.20000076293945,37.5,39.459999084472656,39.459999084472656,30474100,39.525492191498564,39.25106275638965,0.2744294351089138,-0.02639764623307779,1.0,0.030556232462007005,0.030556232462007005
39.599998474121094,40.439998626708984,39.119998931884766,40.0,40.0,23561400,39.598493392806475,39.306539589249674,0.291953803556801,0.03727264372489797,1.0,0.013684767563510558,0.013684767563510558
40.349998474121094,43.22999954223633,40.209999084472656,42.68000030517578,42.68000030517578,39918800,40.07257137932483,39.55642556820716,0.5161458111176671,0.1330472772034518,1.0,0.06700000762939462,0.06700000762939462
41.970001220703125,44.43000030517578,41.22999954223633,42.599998474121094,42.599998474121094,38388200,40.46140631698579,39.78187541308967,0.679530903896115,0.24234400254198446,1.0,-0.00187445713408263,-0.00187445713408263
42.34000015258789,44.0,42.02000045776367,42.130001068115234,42.130001068115234,23322000,40.71811320177493,39.95581064679527,0.7623025549796623,0.34633571302952004,1.0,-0.011032803353065335,-0.011032803353065335
42.38999938964844,42.400001525878906,39.779998779296875,40.40999984741211,40.40999984741211,25262000,40.67071114725758,39.98945429128541,0.6812568559721655,0.41331994161804914,1.0,-0.04082604265597456,-0.04082604265597456
40.20000076293945,41.380001068115234,39.65999984741211,40.869998931884766,40.869998931884766,20621600,40.701370806430994,40.054679820218695,0.6466909862122989,0.45999415053689907,1.0,0.011383298347181547,0.011383298347181547
